Rank,Antigen_ID,Gene_Mutation,Peptide_Type,Sequence,Length,Target_HLA,Core_Aligned_9mer,Predicted_Target_log10,Predicted_HalfLife_Hours,Truncation_Target_log10,Truncation_HalfLife_Hours
1,GLIOMA-01,H3.3 K27M,Mutant 10-mer,RMSAPATGGV,10,HLA-A*02:01,RMSPATGGV,0.9141,7.205,0.2169,0.648
2,GLIOMA-01-WT,H3.3 Wild-Type,Wild-Type 10-mer,RKSAPATGGV,10,HLA-A*02:01,RKSPATGGV,0.7991,5.297,0.1376,0.373
3,GLIOMA-04,IDH1 R132H,Mutant 10-mer,HHAYGDQYRA,10,HLA-A*02:01,HHAGDQYRA,0.4755,1.989,0.407,1.553
4,GLIOMA-03-WT,IDH1 Wild-Type,Wild-Type 9-mer,RAYGDQYRA,9,HLA-A*02:01,RAYGDQYRA,0.3552,1.266,0.3552,1.266
5,GLIOMA-05,EGFRvIII,Novel Junction 9-mer,LEEKKGNYV,9,HLA-A*02:01,LEEKKGNYV,0.2897,0.949,0.2897,0.949
6,GLIOMA-03,IDH1 R132H,Mutant 9-mer,HAYGDQYRA,9,HLA-A*02:01,HAYGDQYRA,0.2854,0.929,0.2854,0.929
7,GLIOMA-02,H3.3 K27M,Mutant 9-mer,RMSAPATGG,9,HLA-A*02:01,RMSAPATGG,0.2169,0.648,0.2169,0.648
8,GLIOMA-06,IL13Rα2,Overexpressed 9-mer,WLPFGFILI,9,HLA-A*02:01,WLPFGFILI,0.2084,0.616,0.2084,0.616
9,GLIOMA-07,Survivin (BIRC5),Overexpressed 9-mer,LTLGEFLKL,9,HLA-A*02:01,LTLGEFLKL,0.1588,0.442,0.1588,0.442
10,GLIOMA-02-WT,H3.3 Wild-Type,Wild-Type 9-mer,RKSAPATGG,9,HLA-A*02:01,RKSAPATGG,0.1376,0.373,0.1376,0.373
11,GLIOMA-08,Negative Control,Poly-Aspartate 9-mer,DDDDDDDDD,9,HLA-A*02:01,DDDDDDDDD,0.0719,0.18,0.0719,0.18
